{
  "title": "Debugger",
  "description": "Debugger settings",
  "jupyter.lab.setting-icon": "ui-components:bug",
  "jupyter.lab.setting-icon-label": "Debugger",
  "jupyter.lab.shortcuts": [
    {
      "command": "debugger:debug-console",
      "keys": ["Accel Shift I"],
      "selector": ".jp-CodeConsole"
    },
    {
      "command": "debugger:debug-file",
      "keys": ["Accel Shift I"],
      "selector": ".jp-FileEditor"
    },
    {
      "command": "debugger:debug-notebook",
      "keys": ["Accel Shift I"],
      "selector": ".jp-Notebook"
    }
  ],
  "definitions": {
    "variableFilters": {
      "properties": {
        "xpython": {
          "type": "array"
        }
      }
    }
  },
  "properties": {
    "variableFilters": {
      "title": "Variable filter",
      "description": "Variables to filter out in the tree and table viewers",
      "$ref": "#/definitions/variableFilters",
      "default": {
        "xpython": [
          "debugpy",
          "display",
          "get_ipython",
          "ptvsd",
          "_xpython_get_connection_filename",
          "_xpython_launch",
          "_pydev_stop_at_break",
          "__annotations__",
          "__builtins__",
          "__doc__",
          "__loader__",
          "__name__",
          "__package__",
          "__spec__"
        ]
      }
    }
  },
  "additionalProperties": false,
  "type": "object"
}
